-- phpMyAdmin SQL Dump
-- version 3.3.7deb7
-- http://www.phpmyadmin.net
--
-- Хост: localhost
-- Время создания: Окт 12 2014 г., 13:37
-- Версия сервера: 5.1.73
-- Версия PHP: 5.3.3-7+squeeze19

SET SQL_MODE="NO_AUTO_VALUE_ON_ZERO";


/*!40101 SET @OLD_CHARACTER_SET_CLIENT=@@CHARACTER_SET_CLIENT */;
/*!40101 SET @OLD_CHARACTER_SET_RESULTS=@@CHARACTER_SET_RESULTS */;
/*!40101 SET @OLD_COLLATION_CONNECTION=@@COLLATION_CONNECTION */;
/*!40101 SET NAMES utf8 */;

--
-- База данных: `melnica1_db`
--

-- --------------------------------------------------------

--
-- Структура таблицы `allowed_ip_address`
--

CREATE TABLE IF NOT EXISTS `allowed_ip_address` (
  `id` int(11) NOT NULL AUTO_INCREMENT,
  `ip` varchar(16) NOT NULL,
  PRIMARY KEY (`id`)
) ENGINE=InnoDB  DEFAULT CHARSET=utf8 AUTO_INCREMENT=12 ;

--
-- Дамп данных таблицы `allowed_ip_address`
--

INSERT INTO `allowed_ip_address` (`id`, `ip`) VALUES
(1, '127.0.0.1'),
(2, '83.149.8.19'),
(3, '5.128.92.44'),
(4, '37.193.238.7'),
(6, '195.189.218.39'),
(7, '213.87.123.154'),
(8, '83.149.48.31'),
(9, '83.149.48.81'),
(10, '94.180.108.227'),
(11, '213.87.120.80');

-- --------------------------------------------------------

--
-- Структура таблицы `cms_admin`
--

CREATE TABLE IF NOT EXISTS `cms_admin` (
  `id` int(11) NOT NULL AUTO_INCREMENT,
  `email` varchar(255) NOT NULL,
  `password` varchar(255) NOT NULL,
  PRIMARY KEY (`id`)
) ENGINE=InnoDB  DEFAULT CHARSET=utf8 AUTO_INCREMENT=5 ;

--
-- Дамп данных таблицы `cms_admin`
--

INSERT INTO `cms_admin` (`id`, `email`, `password`) VALUES
(1, 'admin@melnica.ru', 'b15b3b0a23a5ca6c358aad1b023cbf5713105e6f'),
(2, 'max', '90de7e1de5e82a4d9d18e780050c1f10f5b71529'),
(3, 'igor', '0fb2188ac3ad779a89080fd036edbb677aca05b9'),
(4, 'support', '80b22fa46dd02d48969a3c7bef406cf1264c8ceb');

-- --------------------------------------------------------

--
-- Структура таблицы `contact`
--

CREATE TABLE IF NOT EXISTS `contact` (
  `id` int(11) NOT NULL AUTO_INCREMENT,
  `label` varchar(256) NOT NULL,
  `contact` varchar(256) NOT NULL,
  `comment` text NOT NULL,
  PRIMARY KEY (`id`)
) ENGINE=InnoDB  DEFAULT CHARSET=utf8 AUTO_INCREMENT=14 ;

--
-- Дамп данных таблицы `contact`
--

INSERT INTO `contact` (`id`, `label`, `contact`, `comment`) VALUES
(1, 'city_phone_1', '+ 7 (383) 362 23 74', '[контакты, низ страницы] городской телефон #1'),
(2, 'city_phone_2', '+ 7 (383) 362 23 77', '[контакты, низ страницы] городской телефон #2'),
(3, 'full_address_1', '630007, Россия, г. Новосибирск, ул. Фабричная 31', '[контакты, низ страницы] полный адрес организации'),
(4, 'contacts_art_director_phone_1', '+7-913-776-9472', '[контакты] телефон арт-директора'),
(5, 'contacts_sales_manager_phone_1', '+7-913-931-2484', '[контакты] телефон коммерческого директора'),
(6, 'contacts_art_director_name_1', 'Игорь Антропов', '[контакты] имя арт-директора'),
(7, 'contacts_art_director_email_1', 'artmanager@ngs.ru', '[контакты] почта арт-директора'),
(8, 'contacts_sales_manager_name_1', 'Яухман Дмитрий', '[контакты] имя коммерческого директора'),
(9, 'contacts_sales_manager_email_1', 'dimayds@mail.ru ', '[контакты] почта коммерческого директора'),
(10, 'service_we_are_open_for_cooperation_phone_1', '+7 (383) 12-27-79', '[возможности] телефон почти в самом низу страницы'),
(11, 'vk_group', 'http://vk.com/melnicaloft', '[подвал сайта] ссылка на группу вк'),
(12, 'ig_group', 'http://instagram.com/melnicaloft', '[подвал сайта] ссылка на группу instagram'),
(13, 'fb_group', 'https://www.facebook.com/melnicaloft', '[подвал сайта] ссылка на группу facebook');

-- --------------------------------------------------------

--
-- Структура таблицы `event`
--

CREATE TABLE IF NOT EXISTS `event` (
  `id` int(11) NOT NULL AUTO_INCREMENT,
  `header` varchar(256) NOT NULL,
  `type` int(11) NOT NULL,
  `date` date NOT NULL,
  `link` varchar(256) NOT NULL,
  `text_1` text NOT NULL,
  `text_2` text NOT NULL,
  `image_gallery_id` int(11) NOT NULL,
  `banner_filename` varchar(256) DEFAULT NULL,
  `icon_filename` varchar(256) DEFAULT NULL,
  `is_shown` int(11) NOT NULL,
  `is_important` int(11) NOT NULL,
  `vk_link_title` varchar(256) NOT NULL,
  `link_fb` varchar(256) NOT NULL,
  `rating` int(11) NOT NULL,
  PRIMARY KEY (`id`),
  KEY `fk_event_image_gallery1_idx` (`image_gallery_id`)
) ENGINE=InnoDB  DEFAULT CHARSET=utf8 AUTO_INCREMENT=9 ;

--
-- Дамп данных таблицы `event`
--

INSERT INTO `event` (`id`, `header`, `type`, `date`, `link`, `text_1`, `text_2`, `image_gallery_id`, `banner_filename`, `icon_filename`, `is_shown`, `is_important`, `vk_link_title`, `link_fb`, `rating`) VALUES
(1, 'Первое интерьвью для SIBURBIA', 2, '2014-04-04', 'vk.com/melnicaloft?w=wall-65601802_55', 'Что ждёт новосибирскую культурную повестку с открытием «Мельницы»?', 'Текст: Елена Макеенко</br>\r\nФото: Лена Франц</br>\r\n</br>\r\n— Лофт-проект — довольно широкое понятие, которое на практике может по-разному реализовываться. Расскажи, что именно вы делаете и какими силами?</br>\r\n</br>\r\n— Наше направление — творческие профессии в наиболее сложившихся сферах: дизайн, архитектура, современное искусство. Мы сейчас сформировали команду, в которой есть молодой архитектор Сергей Пергаев, графический дизайнер Максим Логунов из студии «Март-дизайн» и куратор галерейного направления, художник Янина Болдырева. Есть ещё один художник, которого мы пока не называем. Он делает абстрактную фотографию, очень интересные работы. Слава Мизин заинтересовался этим парнем и хочет его представить. Технические и инфраструктурные задачи решает наш коммерческий директор Дмитрий Яухман.</br>\r\n</br>\r\nПолный текст статьи на сайте</br>\r\n</br>\r\nhttp://siburbia.ru/city/m-ispoveduem-loft-kulturu/', 1, 'media/events/banner_1.jpg', 'media/events/icon_1.jpg', 1, 0, 'публикация', 'www.facebook.com/melnicaloft?fref=photo', 2),
(2, 'Мельницы Луканина и Туркина на старых фотографиях', 2, '2014-03-20', 'vk.com/melnicaloft?w=wall-65601802_75', 'Выдержки из истории мукомольного дела в Сибири \r\nс фотографиями разных годов', 'Еще в начале двадцатого века Новониколаевск был известен среди мукомолов Сибири своими паровыми вальцовыми мельницами, которые открылись в период с 1900 по 1906 годы, Всего их за этот короткий период построено 6 – это мельницы Жернова, Туркина, Луканина, компании «Сибирский мукомол» и другие.<br />\r\n<br />\r\nКрупнейшей мукомольной фабрикой в Томской губернии, да и вообще в Западной Сибири, была мельница «Алтайской промышленной фабричной компании», построенная в Новониколаевске на паях купцами Н. А. Туркиным, К. В. Туркиным, И. В. Кулаевым, М. Б. Бликоновым и И. Ф. Дьяковым. Начало дела было положено в 1902 году, когда компаньоны собрали капитал в полмиллиона рублей, а уже в 1905 году она стала давать продукцию.<br />\r\n<br />\r\nЭто была паровая вальцовая мельница, располагавшаяся в трехэтажном деревянном здании в районе пароходной пристани (ныне это улица Фабричная). При ее оснащении были использованы новшества, ранее нигде в России не применявшиеся: она работала на трех импортных паровых двигателях мощностью 939 л.с., (топливом служил каменный уголь), которые являлись не только двигателями, но и электрогенераторами – помещения мельницы освещались электричеством. Но вот вальцовые станки использовались отечественные, коломенские. Производительность этой мельницы составляла 7-8 тысяч пудов в сутки (112-128 тонн) сортовой муки.<br />\r\n<br />\r\nРабота велась круглосуточно, в три смены. Работникам предоставлялись два выходных в месяц и два дня на Рождество.\r\n<br />\r\n<br />\r\nИстория промышленности Новосибирска. Том I. <br />\r\n(Начало, 1893 – 1917). Исторические очерки. <br />\r\nНовосибирск, 2004. Издательский дом «Историческое наследие Сибири»', 11, 'media/events/banner_2.jpg', 'media/events/icon_2.jpg', 1, 0, 'публикация', 'www.facebook.com/melnicaloft/photos/pcb.559911777458746/559911357458788/?type=1&theater', 5),
(3, 'Видео и фотосъёмка на Мельнице', 3, '2014-09-01', 'vk.com/melnicaloft_fotoset', 'Стены с богатой историей, роскошная мебель и произведения искусства', 'Друзья, приглашаем вас провести видео и фотосъёмку на Мельнице. В данный момент для вас открыты двери шоу-рума Nina Romanova. В качестве декораций для ваших фото послужат стены с богатой историей, мебель, свет и предметы интерьера, созданные известными мировыми дизайнерами, а также произведения современных художников.</br>\r\n</br>\r\nЧтобы организовать видео или фотосъёмку на Мельнице, нужно позвонить по телефону +7 (383) 362-23-74 и записаться на удобное для вас время.</br>\r\n</br>\r\nСтоимость одного часа съёмки 1 000 руб. Свадебная съёмка или Love Story 5 000 руб., без ограничения по времени.', 12, 'media/events/banner_3.jpg', 'media/events/icon_3.jpg', 1, 0, 'публикация', 'www.facebook.com/melnicaloft?ref=hl', 1),
(4, 'Улица Фабричная на картах города с 1906 года ', 2, '2014-03-05', '', 'Покопавшись на блогах мы составили небольшую подборку карт города', 'На картах в разные годы на фабричной есть отметки о мельницах Луканина и Туркина.</br>\r\n</br>\r\n1906 - Различимы надписи две надписи «Мельница» сразу за жд мостом</br>\r\n1909 - #49  отмечена мельница Луканина </br>\r\n1913 - Фрагмент большой рисованной карты, очень хорошо видна наша мельница и макаронная фабрика, а правее у самой пристани мельница Луканина</br>\r\n1916 - Обозначены номера домов</br>\r\n1924 - Интересный вариант цветной карты с рекламой</br>\r\n1925 - #49 – Хлебокомбинат</br>\r\n1955 - Видно обозначение мельниц входящих в состав хлебо-кобината</br>\r\n1975 - Аналогично</br>\r\n', 10, 'media/events/banner_4.jpg', 'media/events/icon_4.jpg', 1, 0, ' ', '', 7),
(5, 'Экспедиция Креативная Россия', 2, '2014-06-30', 'vk.com/melnicaloft_creativerussia', 'Спецпроект дизайн-завода «Флакон» (Москва) в рамках «Экспедиции Россия»', '30 июня в Новосибирске кураторы дизайн-завода «Флакон» во главе с основателем и владельцем творческого кластера Николаем Матушевским поделились своим опытом создания и развития творческих пространств. Основатель пространства «Плацдарм» Ян Ярмощук рассказал о своем опыте запуска креативных проектов в регионах. А лидеры наиболее интересных творческих проектов Новосибирска представили свои уникальные разработки.<br />\r\n<br />\r\nПодробности: http://flacon.ru/global-event/ekspediciya-kreativnaya-rossiya/', 14, 'media/events/banner_5.jpg', 'media/events/icon_5.jpg', 1, 0, 'событие', 'www.facebook.com/events/660079660732990/', 5),
(6, 'Презентация новой коллекции текстиля LIZZO 2014', 2, '2014-06-25', 'vk.com/melnicaloft_lizzo2014', 'В рамках серии событий ONLYDESIGNERS Сюзанна Пулидо представила новую коллекцию текстиля', 'В рамках серии событий для профессионалов и ценителей дизайна ONLYDESIGNERS Сюзанна Пулидо представила коллекцию текстиля LIZZO 2014.</br>\r\n</br>\r\nОрганизатор события компания Design & Decoration Center, партнёры: Svetlana Dunaeva Make-Up & Hair, Luxury by Nina Romanova - мебель, свет, аксессууары.</br>\r\n</br>\r\nПрезентация состоялась 25 июня</br>\r\n</br>\r\nLIZZO – это молодая компания, которая была основана в 2001 году в Испании, и за время своего существования стала одной из самых успешных испанских фабрик, занимающихся текстильным оформлением интерьеров. Страсть к путешествиям, знакомство с разными культурами народов мира, постоянный поиск новых идей подвигли основателей компании на открытие собственного дела. Хосе Ангел Климент – один из основателей и идейных вдохновителей компании, видит основную цель в создании изысканных и эклектичных тенденций элегантного природного стиля в интерьере. Возможно, именно поэтому продукты компании LIZZO способны удовлетворить потребности самых взыскательных дизайнеров мира.</br>\r\n</br>\r\nАвтор фото Виталий Родионов lp.vrodionov.pro ', 13, 'media/events/banner_6.jpg', 'media/events/icon_6.jpg', 1, 0, 'событие', 'www.facebook.com/events/1461561810755490/?context=create&source=49#', 3),
(7, 'Текущий этап', 2, '2014-03-10', 'vk.com/melnicaloft?w=wall-65601802_37', 'На Мельнице ведутся ремонтно-отделочные работы, команда готовит презентацию', 'В данный момент мы выполняем ремонтно-отделочные работы и готовим презентационные материалы для запуска проекта. Мы ставим перед собой задачу создать уникальный для Новосибирска продукт, который встанет в один ряд с уже известными московскими и питерскими арт-кластерами и лофт-проектами.</br>', 15, 'media/events/banner_7.jpg', 'media/events/icon_7.jpg', 1, 0, 'публикация', 'www.facebook.com/melnicaloft/photos/a.519885448128046.1073741831.518732728243318/520317688084822/?type=1&theater', 6),
(8, 'Приглашаем авторов и творческие группы', 3, '2014-09-01', 'vk.com/melnicaloft?z=photo-65601802_329111222%2Falbum-65601802_00%2Frev', 'Смотрим, слушаем и обсуждаем произведения, формируем график событий', 'Каждую субботу на Мельнице мы встречаемся с художниками, музыкантами, фотографами и др. деятелями арт-сцены. Мы обсуждаем произведения и формируем график событий на Мельнице.</br> \r\n</br>\r\nПриглашаем авторов и творческие группы представить свои произведения и стать творческими резидентами Мельницы. Необходима запись по телефону: +7 913 776 9472 или электронной почте: artmanager@ngs.ru.', 12, 'media/events/banner_8.jpg', 'media/events/icon_8.jpg', 1, 0, 'публикация', 'www.facebook.com/melnicaloft/photos/a.519885448128046.1073741831.518732728243318/537283973054860/?type=1&theater', 3);

-- --------------------------------------------------------

--
-- Структура таблицы `file`
--

CREATE TABLE IF NOT EXISTS `file` (
  `id` int(11) NOT NULL AUTO_INCREMENT,
  `label` varchar(256) NOT NULL,
  `file_filename` varchar(256) DEFAULT NULL,
  `comment` text NOT NULL,
  `download_name` varchar(256) NOT NULL,
  PRIMARY KEY (`id`)
) ENGINE=InnoDB  DEFAULT CHARSET=utf8 AUTO_INCREMENT=15 ;

--
-- Дамп данных таблицы `file`
--

INSERT INTO `file` (`id`, `label`, `file_filename`, `comment`, `download_name`) VALUES
(1, 'contacts_application_rent_1', 'media/files/file_1.xlsx', '[контакты] заявка на аренду', 'Заявка на аренду.xlsx'),
(2, 'contacts_application_event_1', 'media/files/file_2.docx', '[контакты] заявка на событие', 'Заявка на событие.doc'),
(3, 'contacts_application_collaboration_1', 'media/files/file_3.docx', '[планировки] заявка на событие', 'заявка на событие.docx'),
(4, 'contacts_presentation_loft_1', 'media/files/file_4.pdf', '[контакты] Презентация 1', 'Лофт-проект Мельница.pdf'),
(5, 'contacts_presentation_place_1', 'media/files/file_5.pdf', '[контакты] Презентация 1', 'презентация площадки.pdf'),
(6, 'contacts_presentation_members_1', 'media/files/file_6.torrent', '[контакты] презентация участников', 'презентация участников.pdf'),
(7, 'service_long_term_rent_1', 'media/files/file_7.xlsx', '[возможности, блок 1, файл 1] заявка на аренду', 'Заявка на аренду.xlsx'),
(8, 'service_presentation_loft_1', 'media/files/file_8.pdf', '[возможности, блок 1, файл 2] Презентация 1 (аренда)', 'Лофт-проект Мельница_Презентация.pdf'),
(9, 'service_short_term_rent_1', 'media/files/file_9.docx', '[возможности, блок 4, файл 1] краткосрочная аренда', 'Краткосрочная аренда на Мельнице.docx'),
(10, 'service_presentation_place_1', 'media/files/file_10.pdf', '[возможности, блок 4, файл 2] Презентация 1', 'Лофт-проект Мельница-презентация.pdf'),
(11, 'service_art_groups_and_business_interaction_1', 'media/files/file_11.docx', '[возможности, блок 2, файл 1] Заявка на услуги ', 'заявка на услуги.docx'),
(12, 'service_members_introduction_1', 'media/files/file_12.pdf', '[возможности, блок 2, файл 2] презентация услуг', 'презентация услуг.pdf'),
(13, 'service_art_groups_and_projects_1', 'media/files/file_13.docx', '[возможности, блок 3, файл 1] стать партнером', 'стать партнером.docx'),
(14, 'service_presentation_loft_2', 'media/files/file_14.pdf', '[возможности] Презентация 1 - событие', 'Лофт-проект Мельница.pdf');

-- --------------------------------------------------------

--
-- Структура таблицы `floor`
--

CREATE TABLE IF NOT EXISTS `floor` (
  `id` int(11) NOT NULL AUTO_INCREMENT,
  `number` int(11) NOT NULL,
  `free_space` int(11) NOT NULL,
  `occupied_space` int(11) NOT NULL,
  `total_space` int(11) NOT NULL,
  `background_filename` varchar(256) DEFAULT NULL,
  `occupied_filename` varchar(256) DEFAULT NULL,
  `image_gallery_id` int(11) NOT NULL,
  `image_height` int(11) NOT NULL,
  PRIMARY KEY (`id`),
  KEY `fk_floor_image_gallery1_idx` (`image_gallery_id`)
) ENGINE=InnoDB  DEFAULT CHARSET=utf8 AUTO_INCREMENT=9 ;

--
-- Дамп данных таблицы `floor`
--

INSERT INTO `floor` (`id`, `number`, `free_space`, `occupied_space`, `total_space`, `background_filename`, `occupied_filename`, `image_gallery_id`, `image_height`) VALUES
(1, 1, 390, 692, 1082, 'media/floors/background_1.png', 'media/floors/occupied_1.png', 2, 951),
(2, 2, 449, 301, 750, 'media/floors/background_2.png', 'media/floors/occupied_2.png', 2, 951),
(3, 3, 333, 81, 415, 'media/floors/background_3.png', 'media/floors/occupied_3.png', 2, 586),
(4, 4, 150, 210, 360, 'media/floors/background_4.png', 'media/floors/occupied_4.png', 2, 586),
(5, 5, 36, 327, 363, 'media/floors/background_5.png', 'media/floors/occupied_5.png', 2, 586),
(6, 6, 212, 87, 367, 'media/floors/background_6.png', 'media/floors/occupied_6.png', 2, 586),
(7, 7, 50, 310, 352, 'media/floors/background_7.png', 'media/floors/occupied_7.png', 2, 586),
(8, 8, 270, 0, 270, 'media/floors/background_8.png', 'media/floors/occupied_8.png', 2, 586);

-- --------------------------------------------------------

--
-- Структура таблицы `image`
--

CREATE TABLE IF NOT EXISTS `image` (
  `id` int(11) NOT NULL AUTO_INCREMENT,
  `image_filename` varchar(255) DEFAULT NULL,
  `image_gallery_id` int(11) NOT NULL,
  PRIMARY KEY (`id`),
  KEY `fk_image_image_gallery1_idx` (`image_gallery_id`)
) ENGINE=InnoDB  DEFAULT CHARSET=utf8 AUTO_INCREMENT=257 ;

--
-- Дамп данных таблицы `image`
--

INSERT INTO `image` (`id`, `image_filename`, `image_gallery_id`) VALUES
(18, 'media/images/image_18.jpg', 8),
(19, 'media/images/image_19.jpg', 7),
(23, 'media/images/image_23.jpg', 2),
(24, 'media/images/image_24.jpg', 2),
(25, 'media/images/image_25.jpg', 2),
(26, 'media/images/image_26.jpg', 2),
(27, 'media/images/image_27.jpg', 2),
(35, 'media/images/image_35.jpg', 1),
(58, 'media/images/image_58.jpg', 11),
(59, 'media/images/image_59.jpg', 11),
(60, 'media/images/image_60.jpg', 11),
(61, 'media/images/image_61.jpg', 11),
(62, 'media/images/image_62.jpg', 11),
(63, 'media/images/image_63.jpg', 11),
(64, 'media/images/image_64.jpg', 11),
(65, 'media/images/image_65.jpg', 11),
(66, 'media/images/image_66.jpg', 11),
(67, 'media/images/image_67.jpg', 11),
(68, 'media/images/image_68.jpg', 1),
(70, 'media/images/image_70.jpg', 1),
(71, 'media/images/image_71.jpg', 1),
(73, 'media/images/image_73.jpg', 1),
(76, 'media/images/image_76.jpg', 10),
(77, 'media/images/image_77.jpg', 10),
(78, 'media/images/image_78.jpg', 10),
(79, 'media/images/image_79.jpg', 10),
(80, 'media/images/image_80.jpg', 10),
(81, 'media/images/image_81.jpg', 10),
(82, 'media/images/image_82.jpg', 10),
(83, 'media/images/image_83.jpg', 10),
(84, 'media/images/image_84.jpg', 10),
(85, 'media/images/image_85.jpg', 13),
(86, 'media/images/image_86.jpg', 13),
(87, 'media/images/image_87.jpg', 13),
(88, 'media/images/image_88.jpg', 13),
(89, 'media/images/image_89.jpg', 13),
(90, 'media/images/image_90.jpg', 13),
(91, 'media/images/image_91.jpg', 13),
(92, 'media/images/image_92.jpg', 13),
(93, 'media/images/image_93.jpg', 13),
(94, 'media/images/image_94.jpg', 13),
(95, 'media/images/image_95.jpg', 13),
(96, 'media/images/image_96.jpg', 13),
(98, 'media/images/image_98.jpg', 13),
(99, 'media/images/image_99.jpg', 13),
(100, 'media/images/image_100.jpg', 13),
(101, 'media/images/image_101.jpg', 13),
(102, 'media/images/image_102.jpg', 13),
(103, 'media/images/image_103.jpg', 13),
(104, 'media/images/image_104.jpg', 13),
(105, 'media/images/image_105.jpg', 13),
(106, 'media/images/image_106.jpg', 13),
(107, 'media/images/image_107.jpg', 13),
(109, 'media/images/image_109.jpg', 13),
(110, 'media/images/image_110.jpg', 13),
(111, 'media/images/image_111.jpg', 13),
(112, 'media/images/image_112.jpg', 13),
(113, 'media/images/image_113.jpg', 13),
(114, 'media/images/image_114.jpg', 13),
(115, 'media/images/image_115.jpg', 13),
(116, 'media/images/image_116.jpg', 13),
(117, 'media/images/image_117.jpg', 13),
(118, 'media/images/image_118.jpg', 13),
(119, 'media/images/image_119.jpg', 13),
(120, 'media/images/image_120.jpg', 13),
(122, 'media/images/image_122.jpg', 13),
(123, 'media/images/image_123.jpg', 13),
(125, 'media/images/image_125.jpg', 13),
(126, 'media/images/image_126.jpg', 13),
(127, 'media/images/image_127.jpg', 13),
(128, 'media/images/image_128.jpg', 13),
(129, 'media/images/image_129.jpg', 13),
(130, 'media/images/image_130.jpg', 13),
(131, 'media/images/image_131.jpg', 13),
(132, 'media/images/image_132.jpg', 13),
(134, 'media/images/image_134.jpg', 13),
(135, 'media/images/image_135.jpg', 13),
(136, 'media/images/image_136.jpg', 13),
(138, 'media/images/image_138.jpg', 13),
(139, 'media/images/image_139.jpg', 13),
(140, 'media/images/image_140.jpg', 13),
(141, 'media/images/image_141.jpg', 13),
(142, 'media/images/image_142.jpg', 13),
(144, 'media/images/image_144.jpg', 13),
(145, 'media/images/image_145.jpg', 13),
(147, 'media/images/image_147.jpg', 13),
(149, 'media/images/image_149.jpg', 13),
(150, 'media/images/image_150.jpg', 13),
(151, 'media/images/image_151.jpg', 13),
(152, 'media/images/image_152.jpg', 13),
(153, 'media/images/image_153.jpg', 13),
(197, 'media/images/image_197.jpg', 14),
(198, 'media/images/image_198.jpg', 14),
(200, 'media/images/image_200.jpg', 14),
(201, 'media/images/image_201.jpg', 14),
(202, 'media/images/image_202.jpg', 14),
(203, 'media/images/image_203.jpg', 14),
(204, 'media/images/image_204.jpg', 14),
(205, 'media/images/image_205.jpg', 14),
(208, 'media/images/image_208.jpg', 14),
(209, 'media/images/image_209.jpg', 14),
(210, 'media/images/image_210.jpg', 14),
(211, 'media/images/image_211.jpg', 14),
(212, 'media/images/image_212.jpg', 14),
(213, 'media/images/image_213.jpg', 14),
(214, 'media/images/image_214.jpg', 14),
(215, 'media/images/image_215.jpg', 14),
(216, 'media/images/image_216.jpg', 14),
(217, 'media/images/image_217.jpg', 14),
(218, 'media/images/image_218.jpg', 14),
(220, 'media/images/image_220.jpg', 14),
(221, 'media/images/image_221.jpg', 14),
(222, 'media/images/image_222.jpg', 14),
(223, 'media/images/image_223.jpg', 14),
(224, 'media/images/image_224.jpg', 14),
(225, 'media/images/image_225.jpg', 14),
(227, 'media/images/image_227.jpg', 14),
(228, 'media/images/image_228.jpg', 14),
(229, 'media/images/image_229.jpg', 14),
(230, 'media/images/image_230.jpg', 14),
(232, 'media/images/image_232.jpg', 14),
(244, 'media/images/image_244.jpg', 15),
(245, 'media/images/image_245.jpg', 15),
(246, 'media/images/image_246.jpg', 15),
(247, 'media/images/image_247.jpg', 15),
(248, 'media/images/image_248.jpg', 15),
(253, 'image_249.jpg', 2),
(254, 'image_254.jpg', 2),
(255, 'media/images/image_255.jpg', 2),
(256, 'media/images/image_256.jpg', 2);

-- --------------------------------------------------------

--
-- Структура таблицы `image_gallery`
--

CREATE TABLE IF NOT EXISTS `image_gallery` (
  `id` int(11) NOT NULL AUTO_INCREMENT,
  `name` varchar(255) NOT NULL,
  `type` int(11) NOT NULL,
  PRIMARY KEY (`id`)
) ENGINE=InnoDB  DEFAULT CHARSET=utf8 AUTO_INCREMENT=16 ;

--
-- Дамп данных таблицы `image_gallery`
--

INSERT INTO `image_gallery` (`id`, `name`, `type`) VALUES
(1, 'Сибурбия', 1),
(2, 'Этаж 1', 2),
(3, 'Этаж 2', 2),
(4, 'Этаж 3', 2),
(5, 'Этаж 4', 2),
(6, 'Этаж 5', 2),
(7, 'Этаж 6', 2),
(8, 'Этаж 7', 2),
(9, 'цокольный', 2),
(10, 'Карты', 1),
(11, 'Мельница на фото', 1),
(12, 'Нет галереи', 1),
(13, 'LIZZO 2014', 1),
(14, 'Креативная Россия', 1),
(15, 'Текущий этап 1', 1);

-- --------------------------------------------------------

--
-- Структура таблицы `resident`
--

CREATE TABLE IF NOT EXISTS `resident` (
  `id` int(11) NOT NULL AUTO_INCREMENT,
  `number` int(11) NOT NULL,
  `name` varchar(256) NOT NULL,
  `short_description` text NOT NULL,
  `image_filename` varchar(256) DEFAULT NULL,
  `occupied_filename` varchar(256) DEFAULT NULL,
  `floor_id` int(11) NOT NULL,
  `site` text NOT NULL,
  `offset_left` int(11) NOT NULL,
  `offset_right` int(11) NOT NULL,
  `region` text NOT NULL,
  PRIMARY KEY (`id`),
  KEY `fk_tenant_floor1_idx` (`floor_id`)
) ENGINE=InnoDB  DEFAULT CHARSET=utf8 AUTO_INCREMENT=26 ;

--
-- Дамп данных таблицы `resident`
--

INSERT INTO `resident` (`id`, `number`, `name`, `short_description`, `image_filename`, `occupied_filename`, `floor_id`, `site`, `offset_left`, `offset_right`, `region`) VALUES
(8, 1, 'Nina Romanova', 'Мебель, свет, аксессуары', 'media/residents/image_8.png', 'media/residents/occupied_8.png', 1, 'www.ninaromanova.com', 150, 100, '151,135,151,168,184,168,216,168,216,186,216,203,220,203,224,203,224,209,224,215,282,215,340,215,340,220,340,225,308,225,275,225,275,280,275,335,318,335,361,335,361,276,361,216,369,216,377,216,377,213,378,210,386,209,395,209,395,313,395,417,392,417,389,417,389,429,389,440,458,440,527,440,527,437,528,434,528,431,528,428,541,428,553,428,553,393,553,357,562,357,570,357,570,399,570,441,668,441,765,441,765,390,765,338,771,338,777,338,777,382,776,426,779,426,783,426,788,427,793,427,793,434,793,441,860,441,926,441,926,434,926,427,935,427,944,427,944,363,944,298,897,298,850,298,850,294,850,290,852,290,854,290,854,287,854,284,857,284,861,285,861,287,861,290,900,290,938,290,938,287,938,284,941,284,943,284,943,287,943,290,952,290,961,290,961,287,961,284,964,284,967,284,967,287,966,290,970,290,975,290,975,240,975,189,877,189,779,189,779,205,779,221,774,221,769,221,668,221,568,221,568,225,568,228,560,228,552,228,552,191,552,154,543,154,535,154,535,151,536,148,544,147,552,147,552,125,552,103,530,103,507,103,507,126,507,149,513,149,519,149,519,151,519,153,497,153,474,153,474,157,474,160,468,160,462,160,462,157,462,154,446,153,431,153,431,157,431,160,425,160,418,160,418,157,418,153,416,153,414,153,414,151,414,149,416,149,418,149,418,148,418,147,425,147,431,147,431,148,431,149,446,149,461,149,462,148,462,147,468,147,474,147,475,148,475,149,489,149,502,149,502,126,502,103,448,103,394,103,394,144,395,186,386,186,377,186,377,173,377,160,375,160,373,160,373,132,373,103,360,103,347,102,249,102,151,102'),
(14, 1, 'ТД Инициатива', 'Навесные вентилируемые фасады', 'media/residents/image_14.png', 'media/residents/occupied_14.png', 2, 'www.td-ini.ru', 150, 222, '148,393,148,560,205,560,262,560,262,530,262,500,269,500,276,500,276,524,276,548,326,548,375,548,375,475,375,401,326,401,276,401,276,415,276,429,269,429,262,429,262,413,262,397,207,397,152,397,152,368,152,338,206,338,259,338,259,291,259,244,266,244,273,244,273,254,273,264,324,264,375,264,375,245,375,225,262,225,148,225'),
(15, 2, 'Фреска', 'Авторское декорирование интерьера', 'media/residents/image_15.png', 'media/residents/occupied_15.png', 1, 'www.s-freska.ru', 150, 399, '278,410,278,424,273,424,268,424,268,410,268,396,209,396,150,396,150,477,150,557,209,557,268,557,268,527,268,498,273,498,278,498,278,522,278,546,328,546,377,546,377,471,377,395,328,395,278,395'),
(16, 1, 'ХЛЕБ', 'Галерея современного искусства, многофункциональная площадка', 'media/residents/image_16.png', 'media/residents/occupied_16.png', 7, '', 393, 163, '411,289,411,415,690,415,969,415,969,289,969,164,690,163,411,163'),
(17, 3, 'APRIORI DESIGN', 'Дизайнерская мебель\r\nи предметы интерьера,\r\nдизайн интерьера\r\nи декорирование', 'media/residents/image_17.png', 'media/residents/occupied_17.png', 1, 'www.designapriori.ru', 969, 452, '966,578,966,704,1023,704,1080,704,1080,578,1080,452,1023,452,966,452'),
(18, 2, 'FLASHBOX', 'Фотогалерея', 'media/residents/image_18.png', 'media/residents/occupied_18.png', 7, '', 393, 163, '411,289,411,415,690,415,969,415,969,289,969,164,690,163,411,163'),
(19, 1, 'Design & Decoration Center', 'Ткани и аксессуары, обои, карнизы, ковры\r\nмировых производителей и поставщиков', 'media/residents/image_19.png', 'media/residents/occupied_19.png', 5, 'www.kado.ru', 412, 169, '412,289,412,409,536,409,660,410,810,410,960,410,960,290,960,169,769,169,577,169,577,191,577,213,567,213,556,213,556,191,556,169,484,169,412,169'),
(20, 2, 'V2 design', 'Дизайн и проектирование жилых и общественных интерьеров', 'media/residents/image_20.png', 'media/residents/occupied_20.png', 2, 'www.v2design.ru', 970, 453, '977,459,977,463,974,463,971,463,971,584,972,705,1026,705,1080,705,1080,631,1080,556,1079,505,1079,454,1028,454,977,454'),
(21, 3, 'Aura Tessuti', 'Итальянский дом моды Ирины Тратто', 'media/residents/image_21.png', 'media/residents/occupied_21.png', 2, 'www.aura-tessuti.ru', 150, 102, '387,107,387,112,381,112,374,112,374,108,374,103,263,103,151,103,151,160,151,216,265,216,379,216,379,212,379,207,387,207,395,207,395,251,395,294,411,294,426,294,426,285,426,275,490,275,554,275,554,189,554,102,471,102,387,102'),
(22, 1, 'Агий и Браженас', 'Бюро дизайна интерьера', 'media/residents/image_22.png', 'media/residents/occupied_22.png', 6, 'www.totallydesigned.ru', 413, 170, '412,290,412,411,490,411,568,411,568,401,568,390,563,390,557,390,557,318,557,245,563,245,568,245,568,230,568,214,563,214,557,214,557,192,557,169,485,169,412,169'),
(23, 1, 'Feel Factory', 'Дизайн-студия', 'media/residents/image_23.png', 'media/residents/occupied_23.png', 4, 'www.feelfactory.pro', 568, 170, '579,193,579,215,574,215,568,215,568,230,568,244,574,244,579,244,579,277,579,310,617,310,654,310,654,351,654,391,645,391,636,391,636,359,636,327,608,327,579,327,579,359,579,391,575,391,570,391,570,400,570,409,764,409,958,409,958,290,958,171,769,171,579,171'),
(24, 4, 'Шкаф', 'Кофейня. Коворкинг. Выставки, мастер-классы,\r\nквартирники', 'media/residents/image_24.png', 'media/residents/occupied_24.png', 1, 'www.shkaf.mysmaxom.com', 260, 461, '418,462,396,462,396,518,396,573,385,573,373,573,373,568,373,563,354,563,334,563,334,571,334,578,332,578,330,578,330,571,330,563,304,563,278,563,278,569,278,574,276,574,273,574,273,592,273,609,296,609,319,609,319,611,319,613,325,613,330,613,330,611,330,608,333,608,336,608,336,633,336,657,333,657,330,657,330,656,330,654,295,654,260,654,260,685,260,715,295,715,330,715,330,694,330,672,332,672,334,672,334,694,334,715,353,715,372,715,372,658,372,600,384,600,395,600,395,651,395,702,405,702,415,702,415,711,415,719,429,719,443,719,443,711,443,702,454,702,465,702,465,655,465,607,490,607,515,607,515,615,515,623,498,623,480,623,480,663,480,702,517,702,553,702,553,692,553,682,547,682,541,682,541,653,541,623,537,623,533,623,533,615,533,607,537,607,540,607,540,570,540,532,546,532,551,532,551,518,551,504,545,504,539,504,539,483,539,461,489,461,440,462'),
(25, 1, 'АНШЕР', 'Декоративные штукатурки, дизайнерские обои, лепнина, фрески', 'media/residents/image_25.png', 'media/residents/occupied_25.png', 3, 'www.ansher-nsk.ru', 364, 171, '375,227,375,283,370,283,364,283,364,296,364,308,370,308,375,308,375,360,375,411,409,411,443,411,443,364,443,316,465,316,486,316,486,325,486,333,473,333,460,333,460,372,460,411,489,411,518,411,518,372,518,333,514,333,510,333,510,325,510,316,514,316,518,316,518,281,518,246,523,246,528,246,528,231,528,216,523,216,518,216,518,194,518,171,447,171,375,17');

-- --------------------------------------------------------

--
-- Структура таблицы `text`
--

CREATE TABLE IF NOT EXISTS `text` (
  `id` int(11) NOT NULL AUTO_INCREMENT,
  `label` varchar(256) NOT NULL,
  `text` text NOT NULL,
  `comment` text NOT NULL,
  PRIMARY KEY (`id`)
) ENGINE=InnoDB  DEFAULT CHARSET=utf8 AUTO_INCREMENT=43 ;

--
-- Дамп данных таблицы `text`
--

INSERT INTO `text` (`id`, `label`, `text`, `comment`) VALUES
(1, 'contacts_we_are_open_for_cooperation_1', 'Мы открыты для сотрудничества<br />\r\nи новых знакомств', '[контакты] текст в "шапке" страницы'),
(2, 'contacts_environment_1', 'Мельница находится на улице Фабричная, недалеко от новой филармонии и городской<br />\r\nкартинной галереи, примечательно, что эта улица сохранила своё название со дня основания города.', '[контакты] текст над картой'),
(3, 'service_block1_header_header', 'Если вы любите свое дело — бросайте <br />\r\nбезликие офисы и торговые центры', '[возможности] блок 1, шапка, заголовок'),
(4, 'service_block1_header_text', 'Построенное в 1910 году здание мельницы наполнено особой атмосферой.\r\nДесятилетиями мельница <br />работала как единый механизм, чтобы ровно \r\nчерез сто лет объединить усилия представителей <br />творческих индустрий\r\nи бизнес сообщества для новых свершений<br />', '[возможности] блок 1, шапка, текст'),
(5, 'service_block1_content_header', 'Аренда помещения', '[возможности] блок 1, содержимое, заголовок'),
(6, 'service_block1_content_text', 'Мы объединяем под одной крышей креативные офисы, салоны <br />\r\nи шоу-румы, творческие мастерские и галереи. Своим резиден-<br />\r\nтам мы предоставляем уникальный сервис, открывая перед ними <br />\r\nновые возможности и усиливая их конкурентные преимущества. <br />', '[возможности] блок 1, содержимое, текст'),
(7, 'service_block3_header_header', 'Участвуйте в реализации<br /> \r\nкультурных проектов\r\n', '[возможности] блок 3, шапка, заголовок'),
(8, 'service_block3_header_text', 'Представьте свою компанию или свой продукт в контексте культурных <br /> \r\nсобытий, повысьте статус и узнаваемость своего бренда. Сделайте шаг <br /> \r\nна новую ступень развития своего бизнеса \r\n\r\n', '[возможности] блок 3, шапка, текст'),
(9, 'service_block3_content_header', 'Партнёрская программа', '[возможности] блок 3, содержимое, заголовок'),
(10, 'service_block3_content_text', 'Мы реализуем интересные творческие проекты, объединяя<br />\r\nресурсы наших партнёров и творческих групп. Мы создаём<br />\r\nсобытия из области современного искусства, архитектуры <br />\r\nи дизайна, кино, театра, музыки, широко освещая их <br />\r\nв средствах массовой информации и социальных сетях.\r\n\r\n', '[возможности] блок 3, содержимое, текст'),
(11, 'service_block2_header_header', 'Создайте Ваше произведение<br />\r\nвместе с нами', '[возможности] блок 2, шапка, заголовок'),
(12, 'service_block2_header_text', 'Подключите к решению своей задачи наш творческий профессиональный арсенал. <br />\r\nСоздайте новый продукт или услугу, коммуникацию или концепцию. Используйте <br /> мощность\r\nдизайнерского мышления для хорошего дела', '[возможности] блок 2, шапка, текст'),
(13, 'service_block2_content_header', 'К Вашим услугам', '[возможности] блок 2, содержимое, заголовок'),
(14, 'service_block2_content_text', 'Художники и декораторы, графические дизайнеры и иллю- <br />\r\nстраторы, сценаристы и копирайтеры, фотографы <br />\r\nи видеографы, флэш-аниматоры, дизайнеры интерьера, <br />\r\nархитекторы и проектировщики, флористы и ландшафтные <br />\r\nдизайнеры, монументалисты и граффитисты, скульпторы <br />\r\nи керамисты, реставраторы.\r\n', '[возможности] блок 2, содержимое, текст'),
(15, 'service_block4_header_header', 'У ВАС ЕСТЬ СОБЫТИЕ —<br />\r\nУ НАС ЕСТЬ МЕСТО\r\n', '[возможности] блок 4, шапка, заголовок'),
(16, 'service_block4_header_text', 'Галерея современного искусства ХЛЕБ – это пространство, где проходят <br />\r\nвыставки, презентации, концерты, лекции, конференции, кино-показы\r\n\r\n', '[возможности] блок 4, шапка, текст'),
(17, 'service_block4_content_header', 'Ваше событие на Мельнице', '[возможности] блок 4, содержимое, заголовок'),
(18, 'service_block4_content_text', 'У нас есть всё необходимое для подготовки и проведения Вашего <br />\r\nсобытия на высоком уровне: аудио и проекционное оборудование, <br />\r\nпосадочные места, кейтеринг, фото и видео съёмка, постоянно <br />\r\nменяющаяся экспозиция современного искусства. Мы можем соз-<br />\r\nдать Ваше событие с нуля, сделать декорации, реквизит, сувениры, <br />\r\nили просто предоставить площадку. \r\n\r\n', '[возможности] блок 4, содержимое, текст'),
(19, 'service_block1_space', '4000 М<sup>2</sup>', '[возможности] блок 1, площадь'),
(20, 'service_block3_space', '330 М<sup>2</sup>', '[возможности] блок 3, площадь'),
(21, 'about_block1_header_header', 'Лофт-проект — новое осмысление городского<br />\r\nиндустриального наследия и новая форма<br />\r\nкультурных коммуникаций в обществе', '[о проекте] блок 1, шапка, заголовок'),
(22, 'about_block1_header_text', 'Лофт-проект мельница — многофункциональный центр с уникальной<br />\r\nисторией, для бизнеса и представителей творческих индустрий,<br />\r\nв шаговой доступности от центра города', '[о проекте] блок 1, шапка, текст'),
(23, 'about_block1_place_text', 'Мы строим связи между интересными соседями, творческими группами,<br />\r\nпредставителями бизнеса, командой и событиями проекта.', '[о проекте] блок 1, на территории, текст'),
(24, 'about_block2_header_header', 'Мы объединяем под одной крышей <br />\r\nкреативные офисы, салоны и шоу-румы,<br />\r\nтворческие мастерские и галереи', '[о проекте] блок 2, шапка, заголовок'),
(25, 'about_block2_header_text', 'Своим резидентам мы предоставляем уникальный сервис,<br />\r\nоткрывая перед ними новые возможности и усиливая<br />\r\nих конкурентные преимущества <br />', '[о проекте] блок 2, шапка, текст'),
(26, 'about_block2_environment_text', 'Мельница находится на улице Фабричная, недалеко от новой филармонии и художественного музея. <br/>\r\nПримечательно, что эта улица сохранила своё название со дня основания города.', '[о проекте] блок 2, окружение, текст'),
(27, 'about_block3_header_header', 'Главный корпус – одно из первых кирпичных зданий<br />\r\nНовониколаевска. Здесь располагалась первая<br />\r\nмельница с электрическим приводом, построенная<br />\r\nв 1910 году товариществом «Сибирский Мукомол»', '[о проекте] блок 3, шапка, заголовок'),
(28, 'about_block3_header_text', 'Мельница была рассчитана на выработку 10 тысяч пудов муки в сутки (160 тонн).<br />\r\nМашины на этой мельнице располагались поэтажно, зерно по конвейеру поднималось наверх,<br />\r\nа на первом этаже заказчики получали уже готовую муку', '[о проекте] блок 3, шапка, текст'),
(29, 'about_block4_header_header', 'Первые лофты появились в Нью-Йорке ещё во времена<br />\r\nВеликой депрессии. Массовое банкротство индустриальных<br />\r\nпредприятий привело к возникновению пустующих<br />\r\nпроизводственных корпусов в центральных районах города', '[о проекте] блок 4, шапка, заголовок'),
(30, 'about_block4_header_text', 'Но пустовали они не долго — их облюбовала богема. Огромные фабричные пространства стали <br /> площадкой для реализации творческих проектов. Цеха переоборудовались под жилые помещения <br />\r\nс элементами мастерской или театральной сцены. Здесь создавались художественные произведения, <br />\r\nустраивались выставки и концерты, зарождались творческие объединения и новые направления <br />\r\nв искусстве. Два десятилетия спустя лофты появились и в Европе<br />', '[о проекте] блок 4, шапка, текст'),
(31, 'about_block3_content1_header', 'Мельницы в городе', '[о проекте] блок 3, подблок 1, заголовок'),
(32, 'about_block3_content1_text', 'Новосибирская промышленность начиналась <br /> \r\nс мукомольной, что не удивительно – прежде <br />\r\nчем строить, людей нужно накормить. Поэтому <br />\r\nмукомольная отрасль старше, чем сам город.', '[о проекте] блок 3, подблок 1, текст'),
(33, 'about_block3_content2_quote', '«…ещё 17 лет назад на том берегу, где поныне курятся мельничные трубы стоял одинокий<br />\r\nпятнистый домик, а там, где Каменка при устье делает излучину, стояла полуразвалившаяся<br />\r\nмельница – прародительница чудо-мельниц гигантов, возвышающихся над городом»', '[о проекте] блок 3, подблок 2, цитата'),
(34, 'about_block3_content2_author', 'Н.П.Литвинов. 1912 год.', '[о проекте] блок 3, подблок 2, автор цитаты'),
(35, 'about_block3_content3_header', 'Мировое качество', '[о проекте] блок 3, подблок 3, заголовок'),
(36, 'about_block3_content3_text', 'Мукомольные предприятия нового города выпускали <br />\r\nсемь сортов муки: крупчатку, манку, сеянку, первач <br />\r\nи другие. В ноябре 1907 года за высокое качество муки <br />\r\nНовониколаевское мукомольное товарищество полу-<br />\r\nчило Большую Золотую медаль и Почетный Крест <br />\r\nБрюссельской международной выставки.', '[о проекте] блок 3, подблок 3, текст'),
(37, 'about_block4_content1_header', '	\r\nЛофты в москве', '[о проекте] блок 4, подблок 1, заголовок'),
(38, 'about_block4_content1_text', 'В России лофт-культура насчитывает немногим <br />\r\nболее 10 лет отроду. Одним из самых известных <br />\r\nлофт- проектов в Москве считается центр современ-<br />\r\nного искусства ВИНЗАВОД. До революции в этих <br />\r\nзданиях работала пивоварня. В советские времена <br />\r\nвместо пива тут стали разливать вино и коньяк. <br />\r\n<br />\r\nСейчас в помещениях старинного пивоваренного <br />\r\nзавода располагаются: 3 крупных выставочных зала, <br />\r\nмосковские галереи, дизайн-студии, мастерские <br />\r\nхудожников. Работает открытая площадка, где про- <br />\r\nходят концерты, фестивали и презентации.<br />', '[о проекте] блок 4, подблок 1, текст'),
(39, 'about_block4_content2_header', 'Большой комплекс', '[о проекте] блок 4, подблок 2, заголовок'),
(40, 'about_block4_content2_text', 'Центр дизайна ARTPLAY - один из первых арт-класте-<br />\r\nров Москвы. Сейчас это целый творческий и деловой <br />\r\nквартал, где открыты мастерские, дизайнерские<br /> \r\nи архитектурные бюро, шоу-румы, магазины, а также <br />\r\nкафе и рестораны, кинозал, клуб, книжный магазин, <br />\r\nбольшие выставочные площадки. <br />\r\n<br />\r\nЗдесь работают Британская Высшая Школа Дизайна, <br />\r\nМосковская архитектурная школа МАРШ, киношкола, <br />\r\nкурсы иностранных языков, детская студия, регуляр-<br />\r\nно проводятся мастер-классы и семинары, лекции <br />\r\nпо дизайну, архитектуре и искусству.<br />', '[о проекте] блок 4, подблок 2, текст'),
(41, 'about_block4_content3_header', 'Санкт-Петербург', '[о проекте] блок 4, подблок 3, заголовок'),
(42, 'about_block4_content3_text', 'Креативное пространство ТКАЧИ – это многофунк-\r\nциональный центр, созданный в 2010 году на тер-\r\nритории бывшей бумагопрядильной мануфактуры. <br />\r\n<br />\r\nЗдесь находятся магазины и шоу-румы различной на-<br />\r\nправленности, компании из сферы digital production, <br />\r\nграфического и интерьерного дизайна, архитекторы, <br />\r\nиздательские дома, брендинговые и event-агентства, <br />\r\nфотостудии, образовательные центры, танцевальная <br />\r\nи музыкальная школы, творческие мастерские, детс-<br />\r\nкие проекты. На 5 этаже расположено выставочное <br />\r\nпространство.<br />', '[о проекте] блок 4, подблок 3, текст');

--
-- Ограничения внешнего ключа сохраненных таблиц
--

--
-- Ограничения внешнего ключа таблицы `event`
--
ALTER TABLE `event`
  ADD CONSTRAINT `fk_event_image_gallery1` FOREIGN KEY (`image_gallery_id`) REFERENCES `image_gallery` (`id`) ON DELETE NO ACTION ON UPDATE NO ACTION;

--
-- Ограничения внешнего ключа таблицы `floor`
--
ALTER TABLE `floor`
  ADD CONSTRAINT `fk_floor_image_gallery1` FOREIGN KEY (`image_gallery_id`) REFERENCES `image_gallery` (`id`) ON DELETE NO ACTION ON UPDATE NO ACTION;

--
-- Ограничения внешнего ключа таблицы `image`
--
ALTER TABLE `image`
  ADD CONSTRAINT `fk_image_image_gallery1` FOREIGN KEY (`image_gallery_id`) REFERENCES `image_gallery` (`id`) ON DELETE CASCADE ON UPDATE NO ACTION;

--
-- Ограничения внешнего ключа таблицы `resident`
--
ALTER TABLE `resident`
  ADD CONSTRAINT `fk_tenant_floor1` FOREIGN KEY (`floor_id`) REFERENCES `floor` (`id`) ON DELETE NO ACTION ON UPDATE NO ACTION;
